temperature,pressure,vibration,speed,label
23.72,93.76,1.79,41.09,Normal
23.02,100.11,1.84,54.53,Normal
20.02,105.74,3.87,64.12,Normal
22.75,95.06,3.47,68.77,Normal
26.5,97.53,1.31,60.88,Normal
21.34,93.91,1.49,65.13,Normal
27.94,105.86,4.65,64.8,Normal
22.81,96.41,3.15,57.89,Normal
25.17,91.73,3.1,62.03,Normal
29.59,105.29,4.77,41.82,Normal
20.17,93.38,1.99,67.25,Normal
22.94,108.95,2.86,60.52,Normal
26.75,96.89,4.13,60.29,Normal
70.93,155.99,28.84,109.85,Novel/Unusual
28.96,107.01,2.49,50.47,Normal
25.22,105.19,4.08,46.01,Normal
20.43,94.3,4.14,52.8,Normal
24.68,93.62,2.41,57.37,Normal
21.5,97.66,2.59,49.83,Normal
29.49,99.87,2.26,58.12,Normal
24.34,103.25,3.34,59.44,Normal
21.65,98.47,2.56,49.42,Normal
22.71,99.32,3.45,64.36,Normal
29.95,109.9,3.77,67.46,Normal
26.94,90.7,3.08,57.93,Normal
28.04,106.46,3.13,49.49,Normal
27.0,92.59,2.79,63.3,Normal
90.57,199.34,20.14,111.01,Novel/Unusual
20.45,100.0,1.25,53.52,Normal
28.51,95.5,1.26,63.35,Normal
29.46,91.89,2.05,56.65,Normal
20.83,99.13,4.06,58.31,Normal
24.9,101.36,3.25,53.41,Normal
25.13,94.04,3.22,51.78,Normal
27.63,99.93,3.52,48.23,Normal
21.96,99.83,1.5,67.56,Normal
29.59,108.47,1.66,57.77,Normal
29.17,91.4,4.26,42.28,Normal
22.59,108.12,2.97,55.35,Normal
21.15,99.22,3.46,57.03,Normal
26.33,107.32,1.16,40.13,Normal
23.62,93.96,2.14,49.73,Normal
22.33,96.48,4.49,44.28,Normal
91.69,199.95,18.11,103.82,Novel/Unusual
26.42,108.59,3.65,45.51,Normal
25.05,99.52,4.3,43.87,Normal
21.65,108.12,4.92,63.77,Normal
27.61,98.78,3.73,56.78,Normal
26.3,90.9,1.28,53.0,Normal
29.83,103.72,3.12,68.57,Normal
23.38,95.83,2.79,65.82,Normal
25.81,99.87,1.54,62.71,Normal
28.25,106.53,2.06,47.66,Normal
28.5,92.95,2.49,67.73,Normal
28.93,108.34,2.44,47.49,Normal
27.45,109.77,3.58,44.86,Normal
23.46,90.32,1.91,49.04,Normal
23.71,100.73,1.04,52.43,Normal
24.89,104.76,1.13,68.92,Normal
20.51,101.6,3.05,50.8,Normal
29.8,102.21,1.27,62.05,Normal
27.05,102.65,4.62,51.37,Normal
28.39,102.96,1.81,69.22,Normal
25.06,105.49,1.65,48.1,Normal
29.63,94.72,2.11,69.73,Normal
22.35,99.36,3.61,66.58,Normal
21.88,105.44,3.99,69.64,Normal
28.66,105.21,2.78,61.91,Normal
22.15,107.85,2.25,69.98,Normal
29.9,105.64,3.16,40.85,Normal
22.72,94.05,1.57,40.35,Normal
23.16,91.27,1.04,43.11,Normal
29.27,106.41,4.84,47.92,Normal
21.12,108.26,4.04,49.84,Normal
29.25,97.22,3.88,69.88,Normal
21.02,92.69,4.72,51.3,Normal
26.72,103.55,3.57,40.02,Normal
26.7,105.89,1.17,43.81,Normal
20.25,98.96,3.43,57.89,Normal
26.4,106.4,2.77,41.71,Normal
23.65,98.2,4.7,54.53,Normal
25.59,103.56,3.92,47.32,Normal
23.94,107.81,3.26,45.79,Normal
23.04,106.92,4.4,65.63,Normal
22.97,99.97,4.79,42.3,Normal
27.55,96.95,3.33,60.76,Normal
77.09,156.67,28.14,116.98,Novel/Unusual
27.88,108.35,2.08,69.2,Normal
24.8,102.76,3.98,46.6,Normal
25.33,92.07,1.27,50.94,Normal
27.8,100.73,2.36,55.55,Normal
28.84,91.26,4.41,49.58,Normal
21.54,92.15,4.06,65.65,Normal
29.28,106.38,1.43,61.95,Normal
23.18,94.32,3.69,46.5,Normal
21.25,104.12,4.47,58.85,Normal
29.19,96.03,2.97,58.08,Normal
21.61,98.8,4.95,47.34,Normal
27.65,109.0,1.61,60.21,Normal
25.96,104.25,4.14,49.66,Normal
25.62,106.97,1.79,65.82,Normal
21.71,101.25,4.09,67.68,Normal
29.42,92.54,3.6,68.81,Normal
28.17,102.03,1.39,49.94,Normal
21.09,108.78,3.34,62.49,Normal
26.22,106.68,3.11,43.87,Normal
20.45,106.24,3.5,66.34,Normal
93.95,154.07,27.3,119.8,Novel/Unusual
23.17,95.41,2.04,49.78,Normal
21.38,94.08,3.39,50.11,Normal
27.72,99.73,3.53,53.65,Normal
26.64,107.64,2.64,50.38,Normal
83.2,151.97,18.95,103.59,Novel/Unusual
28.8,109.8,3.01,46.34,Normal
27.22,96.85,2.03,49.65,Normal
26.98,100.69,4.31,48.27,Normal
27.72,109.53,3.7,69.56,Normal
98.07,151.0,17.08,124.67,Novel/Unusual
20.11,102.75,3.79,46.08,Normal
28.44,97.15,3.39,64.81,Normal
22.44,93.09,3.96,65.69,Normal
28.01,91.61,4.94,64.59,Normal
29.03,94.22,4.09,45.53,Normal
21.46,105.16,2.79,49.05,Normal
27.85,109.81,4.1,53.61,Normal
24.93,104.9,3.11,43.02,Normal
23.99,104.1,2.35,47.44,Normal
27.1,93.12,1.27,68.99,Normal
27.98,99.45,3.7,64.05,Normal
27.39,102.81,3.76,48.92,Normal
26.2,95.46,2.99,64.65,Normal
29.62,102.44,1.13,52.9,Normal
21.66,100.44,2.08,58.97,Normal
85.25,181.0,28.23,100.71,Novel/Unusual
23.11,99.56,4.03,68.63,Normal
27.81,97.86,4.88,59.46,Normal
25.84,107.5,3.61,54.07,Normal
27.39,107.22,4.71,53.38,Normal
21.95,102.16,1.18,46.5,Normal
28.53,109.84,3.93,44.83,Normal
28.32,108.48,4.3,69.6,Normal
24.13,103.12,4.98,51.71,Normal
24.33,102.38,4.84,44.21,Normal
21.81,101.72,4.87,67.03,Normal
20.99,108.82,4.95,55.32,Normal
29.82,102.78,1.11,41.75,Normal
20.04,96.64,4.89,46.38,Normal
26.06,107.46,2.23,53.96,Normal
22.95,102.62,2.42,48.89,Normal
24.81,97.61,2.81,60.16,Normal
22.35,98.06,2.0,58.3,Normal
27.27,109.97,1.52,42.39,Normal
79.84,197.65,27.43,106.97,Novel/Unusual
28.01,98.58,2.99,43.16,Normal
28.46,105.19,2.73,49.74,Normal
29.46,106.84,2.91,56.38,Normal
21.4,109.93,1.42,49.36,Normal
25.91,105.92,2.63,69.93,Normal
26.68,103.2,3.46,61.13,Normal
21.97,94.34,1.87,45.02,Normal
22.78,97.84,3.09,50.1,Normal
20.31,102.13,1.28,44.79,Normal
20.3,95.29,2.18,65.63,Normal
24.01,108.27,3.17,52.42,Normal
29.04,100.92,4.78,64.97,Normal
22.96,109.88,3.62,56.3,Normal
27.79,107.77,2.03,65.75,Normal
25.41,104.6,2.61,49.11,Normal
23.66,101.54,4.69,58.02,Normal
24.78,90.88,5.0,69.47,Normal
21.2,108.48,4.95,61.04,Normal
24.12,98.92,3.78,46.69,Normal
24.56,109.06,1.19,63.92,Normal
78.49,162.74,16.4,149.81,Novel/Unusual
24.74,94.37,4.95,55.74,Normal
20.88,90.09,1.37,57.71,Normal
22.37,90.53,3.41,59.23,Normal
25.94,98.37,1.17,68.13,Normal
28.9,107.76,2.55,49.28,Normal
24.97,93.78,4.44,44.61,Normal
27.87,93.9,3.38,55.09,Normal
21.37,94.16,1.06,55.63,Normal
24.38,101.3,1.87,45.85,Normal
29.58,98.73,1.27,40.3,Normal
28.9,95.9,4.13,52.71,Normal
24.82,105.25,1.09,56.47,Normal
25.23,108.55,3.09,52.5,Normal
24.19,103.61,1.51,62.44,Normal
21.79,101.08,2.75,40.7,Normal
28.41,104.44,4.39,53.15,Normal
28.75,91.3,4.07,52.46,Normal
22.54,99.35,4.57,41.6,Normal
28.53,109.29,1.1,54.9,Normal
23.1,107.86,1.95,47.46,Normal
28.04,93.36,3.45,66.48,Normal
21.06,103.8,3.39,56.96,Normal
26.95,98.63,1.38,54.75,Normal
21.22,98.73,2.37,46.47,Normal
29.85,108.17,1.39,48.65,Normal
25.57,104.77,3.94,50.96,Normal
26.83,93.74,2.76,40.03,Normal
22.09,91.02,4.83,60.56,Normal
25.3,99.28,4.65,54.13,Normal
24.9,99.19,1.4,47.55,Normal
27.58,96.6,1.73,50.44,Normal
27.03,94.82,3.21,60.37,Normal
23.71,91.39,4.72,61.27,Normal
23.04,100.57,2.74,59.86,Normal
25.49,101.37,4.96,60.16,Normal
28.36,102.77,1.67,63.72,Normal
25.54,93.54,1.3,44.65,Normal
24.91,102.9,4.15,64.66,Normal
22.53,105.97,3.96,54.74,Normal
22.31,98.95,1.55,57.15,Normal
23.48,95.52,3.77,57.01,Normal
22.02,98.17,3.62,47.72,Normal
23.42,106.7,3.42,67.57,Normal
24.26,104.69,1.37,45.1,Normal
21.11,95.74,3.92,48.34,Normal
24.38,97.98,3.66,58.68,Normal
24.63,107.05,3.35,49.95,Normal
20.61,92.36,3.08,67.45,Normal
86.35,170.62,23.4,110.12,Novel/Unusual
21.4,95.62,4.7,52.6,Normal
22.78,96.52,3.51,47.51,Normal
28.59,94.9,4.4,64.45,Normal
21.42,98.56,2.93,62.21,Normal
26.16,94.29,3.14,62.85,Normal
29.59,106.99,1.48,53.94,Normal
25.25,109.63,3.35,56.47,Normal
27.83,96.91,2.54,59.44,Normal
98.77,196.23,17.67,111.89,Novel/Unusual
22.18,102.24,1.95,48.25,Normal
25.05,93.5,1.2,55.86,Normal
23.7,99.38,4.24,49.87,Normal
29.68,106.37,3.44,42.81,Normal
24.19,92.38,4.03,43.42,Normal
71.85,167.19,20.8,113.69,Novel/Unusual
21.23,106.64,3.29,62.94,Normal
28.61,102.66,4.8,45.21,Normal
26.97,93.23,1.62,49.63,Normal
20.14,100.68,3.43,58.44,Normal
23.34,103.06,2.95,49.44,Normal
27.08,98.99,4.48,65.78,Normal
23.85,105.09,3.87,42.11,Normal
29.03,104.03,3.75,67.42,Normal
29.28,98.62,3.32,59.94,Normal
26.62,97.33,4.77,57.64,Normal
20.23,98.39,3.47,60.0,Normal
20.49,94.14,4.27,65.29,Normal
28.14,100.18,4.41,56.89,Normal
89.28,183.17,17.78,121.15,Novel/Unusual
26.01,105.59,3.04,56.03,Normal
27.54,93.35,4.39,42.7,Normal
24.59,98.35,1.02,66.38,Normal
25.35,101.7,1.76,69.54,Normal
28.27,93.38,4.73,53.23,Normal
20.72,108.66,2.13,55.38,Normal
26.17,109.71,1.22,60.42,Normal
29.76,107.76,2.78,68.19,Normal
20.51,106.41,2.99,63.76,Normal
27.0,105.92,3.74,41.92,Normal
20.88,105.56,2.34,63.95,Normal
22.85,96.29,4.57,44.78,Normal
27.99,103.38,4.17,41.88,Normal
21.0,99.98,4.36,68.04,Normal
27.25,99.52,2.57,47.41,Normal
25.53,105.5,2.68,53.18,Normal
28.23,96.29,3.56,61.16,Normal
29.36,99.93,1.75,43.36,Normal
27.02,94.73,3.37,50.2,Normal
24.32,90.46,3.46,57.22,Normal
24.68,94.61,4.99,42.55,Normal
26.52,101.33,3.62,68.6,Normal
26.01,99.95,1.39,44.9,Normal
24.5,100.59,4.57,53.74,Normal
25.99,104.98,1.16,53.83,Normal
27.21,97.39,4.32,41.05,Normal
24.06,104.4,2.51,46.23,Normal
26.03,95.15,3.33,52.47,Normal
23.39,104.96,4.21,49.67,Normal
21.65,100.63,1.13,51.68,Normal
21.09,103.07,4.38,67.57,Normal
28.33,107.21,1.46,49.1,Normal
25.81,103.05,3.13,53.26,Normal
21.02,94.55,4.44,54.49,Normal
26.0,108.91,2.72,42.86,Normal
26.16,97.94,1.1,40.79,Normal
25.55,97.36,2.31,58.33,Normal
70.47,171.2,17.15,121.27,Novel/Unusual
27.1,103.12,1.93,59.47,Normal
20.19,104.88,4.28,50.5,Normal
28.86,102.36,4.17,43.48,Normal
25.78,92.54,3.66,48.76,Normal
21.17,101.58,2.83,63.72,Normal
21.48,107.98,2.47,42.57,Normal
22.07,96.61,3.57,67.84,Normal
20.57,102.68,3.29,49.71,Normal
27.86,100.35,1.29,52.95,Normal
26.72,105.49,2.92,63.23,Normal
25.56,106.44,1.64,60.96,Normal
28.51,108.72,1.68,50.58,Normal
25.88,90.7,1.6,40.79,Normal
20.05,98.1,2.61,59.25,Normal
27.73,90.62,3.98,59.28,Normal
23.39,91.1,2.51,48.2,Normal
21.32,108.54,3.99,41.73,Normal
29.1,97.15,1.57,42.59,Normal
27.72,96.67,3.74,55.74,Normal
20.58,109.12,3.37,63.6,Normal
20.07,99.35,4.53,66.37,Normal
26.88,98.44,4.31,48.6,Normal
25.31,92.55,1.94,56.73,Normal
27.84,106.93,1.93,67.78,Normal
20.55,101.35,1.36,54.38,Normal
21.73,96.21,3.19,69.98,Normal
26.34,94.38,1.36,58.26,Normal
25.65,105.11,2.52,67.5,Normal
24.55,107.53,2.15,62.36,Normal
22.0,106.46,1.71,47.33,Normal
27.84,98.06,1.86,60.92,Normal
24.39,107.21,1.59,69.38,Normal
25.36,92.31,4.58,50.62,Normal
25.55,109.9,4.32,67.96,Normal
21.63,107.3,4.27,60.17,Normal
23.14,94.52,3.22,56.82,Normal
28.01,101.09,2.48,56.6,Normal
24.18,109.51,4.05,50.54,Normal
26.75,102.79,4.28,55.12,Normal
23.47,106.87,2.69,58.19,Normal
28.74,92.7,4.01,55.58,Normal
24.17,98.03,2.82,68.93,Normal
20.36,105.2,1.91,49.21,Normal
28.02,107.46,3.53,56.93,Normal
27.74,100.62,3.33,51.41,Normal
23.79,93.41,1.46,42.89,Normal
27.92,94.49,3.46,54.95,Normal
20.8,102.62,2.62,43.31,Normal
29.79,100.57,4.55,65.53,Normal
23.88,101.86,3.34,67.67,Normal
26.11,91.55,3.41,65.46,Normal
29.97,107.49,2.74,41.12,Normal
22.56,106.65,2.12,54.23,Normal
24.94,96.44,2.58,64.59,Normal
20.12,109.64,2.2,43.45,Normal
26.56,91.94,1.13,68.79,Normal
21.81,97.42,3.57,55.7,Normal
24.81,105.12,3.38,62.54,Normal
21.52,91.83,1.35,69.6,Normal
21.0,98.93,1.18,60.94,Normal
28.93,100.33,1.8,41.93,Normal
26.81,93.44,2.41,45.71,Normal
28.81,102.53,3.32,61.51,Normal
24.37,98.99,3.04,61.27,Normal
20.52,96.41,3.26,45.19,Normal
29.25,108.25,3.06,48.35,Normal
27.79,92.0,1.47,40.02,Normal
26.06,109.49,2.05,61.12,Normal
28.04,93.86,3.82,66.01,Normal
24.73,101.72,4.92,56.89,Normal
20.52,106.18,1.32,61.3,Normal
24.99,96.17,3.02,56.88,Normal
20.23,104.9,4.13,47.24,Normal
20.42,98.9,1.23,68.28,Normal
25.55,109.62,2.69,48.36,Normal
21.54,100.64,1.07,55.87,Normal
28.49,101.27,2.89,65.07,Normal
28.31,106.42,1.86,53.42,Normal
21.18,107.56,1.8,50.66,Normal
28.59,92.7,4.35,57.22,Normal
29.53,107.7,3.02,47.04,Normal
25.61,98.04,1.58,63.97,Normal
24.87,94.8,2.14,63.73,Normal
29.36,93.53,4.42,57.12,Normal
27.61,105.55,2.77,59.83,Normal
24.9,100.46,4.53,69.93,Normal
26.35,105.6,1.54,55.19,Normal
22.34,100.63,2.48,60.22,Normal
27.65,101.65,1.18,69.65,Normal
25.85,91.8,1.56,60.38,Normal
20.18,92.74,4.06,56.4,Normal
22.67,98.2,1.17,54.19,Normal
23.18,90.54,4.5,64.48,Normal
29.33,93.51,3.02,62.83,Normal
23.01,97.89,2.1,40.49,Normal
25.42,109.7,4.82,64.53,Normal
27.37,106.01,3.39,40.99,Normal
25.81,108.48,2.38,42.99,Normal
90.48,157.12,16.1,148.98,Novel/Unusual
20.05,99.91,3.33,60.05,Normal
26.62,96.37,2.05,61.18,Normal
28.33,105.02,2.82,69.44,Normal
27.42,95.79,1.35,54.4,Normal
20.96,100.84,1.61,47.44,Normal
21.92,106.3,1.44,40.21,Normal
24.59,108.44,3.2,69.04,Normal
28.79,90.48,2.3,64.12,Normal
27.35,92.35,3.91,57.37,Normal
29.3,98.25,3.26,47.39,Normal
91.16,170.0,16.37,122.66,Novel/Unusual
27.78,96.43,1.9,43.55,Normal
29.41,100.87,2.67,43.05,Normal
28.36,99.51,4.02,48.06,Normal
27.05,91.34,3.87,65.99,Normal
21.24,99.54,3.19,49.31,Normal
29.09,93.71,2.18,49.9,Normal
21.6,95.38,2.86,61.13,Normal
20.84,99.02,2.47,44.3,Normal
20.07,99.17,1.05,67.94,Normal
28.37,98.76,2.19,54.42,Normal
23.14,98.7,1.95,60.82,Normal
20.97,96.06,2.15,68.2,Normal
29.19,91.02,4.41,68.95,Normal
29.21,95.41,4.52,53.54,Normal
25.36,91.48,4.96,43.86,Normal
29.95,93.24,4.55,61.33,Normal
20.18,102.85,1.31,54.2,Normal
23.96,95.21,3.22,52.77,Normal
20.15,104.44,1.27,44.05,Normal
26.12,108.31,4.34,54.91,Normal
28.28,101.09,3.4,67.92,Normal
21.85,107.02,2.98,64.37,Normal
23.17,93.15,1.03,47.28,Normal
23.67,93.09,3.37,41.72,Normal
28.38,109.87,1.55,42.83,Normal
26.71,90.53,3.03,40.39,Normal
21.67,108.14,1.97,66.46,Normal
24.71,101.99,2.67,44.48,Normal
27.74,95.93,1.05,46.26,Normal
20.53,107.89,3.01,49.94,Normal
24.16,91.98,1.68,62.83,Normal
29.31,97.85,3.79,50.55,Normal
24.66,106.54,4.86,67.85,Normal
29.8,109.29,2.96,41.86,Normal
28.75,108.71,2.03,60.67,Normal
26.44,92.64,4.62,49.53,Normal
25.19,91.9,3.72,47.62,Normal
23.34,104.87,3.89,48.42,Normal
26.02,109.24,1.41,67.21,Normal
27.34,99.22,4.35,63.79,Normal
29.56,105.05,1.77,61.71,Normal
24.83,107.66,3.89,59.77,Normal
93.06,168.53,18.27,147.69,Novel/Unusual
22.38,106.29,4.8,59.35,Normal
24.48,102.76,3.29,67.81,Normal
21.05,101.0,1.42,69.54,Normal
23.73,95.36,1.07,56.89,Normal
24.35,100.02,4.91,48.01,Normal
27.18,94.26,2.58,62.66,Normal
27.01,91.78,4.31,51.43,Normal
26.31,99.62,2.53,56.86,Normal
23.77,102.04,1.2,52.94,Normal
26.86,101.29,2.23,49.0,Normal
20.37,108.66,1.36,60.95,Normal
23.74,95.78,4.08,47.73,Normal
20.49,102.13,4.83,61.0,Normal
23.77,91.9,3.77,69.25,Normal
24.08,90.77,4.98,62.96,Normal
21.48,107.58,1.15,64.24,Normal
20.9,102.37,2.54,42.15,Normal
20.58,103.2,1.7,41.8,Normal
25.79,102.51,2.76,57.77,Normal
29.82,96.28,4.28,49.84,Normal
74.13,151.41,22.12,106.49,Novel/Unusual
26.37,92.02,4.89,66.95,Normal
27.79,95.67,1.46,55.54,Normal
21.77,96.41,2.66,47.71,Normal
27.77,92.79,4.06,62.9,Normal
23.65,100.16,3.9,52.73,Normal
24.59,91.89,3.0,40.77,Normal
29.99,93.27,4.59,41.29,Normal
24.46,103.11,2.36,64.45,Normal
22.96,100.11,1.89,42.55,Normal
25.01,92.52,1.6,40.34,Normal
20.95,97.83,1.55,61.81,Normal
93.85,196.45,22.47,149.52,Novel/Unusual
28.46,98.8,3.72,68.84,Normal
27.6,104.98,4.31,46.79,Normal
27.82,105.26,1.21,63.47,Normal
25.98,93.53,4.69,50.93,Normal
26.54,102.27,2.68,63.69,Normal
23.02,90.4,2.9,48.51,Normal
29.27,98.69,1.71,55.76,Normal
28.25,98.5,3.91,50.37,Normal
26.41,94.56,2.29,56.7,Normal
23.12,94.24,1.71,58.31,Normal
27.0,105.87,2.66,58.53,Normal
22.88,101.79,3.61,55.22,Normal
28.08,105.81,4.88,42.75,Normal
26.26,100.74,1.76,57.69,Normal
23.95,100.31,3.59,68.86,Normal
26.34,105.04,1.85,62.7,Normal
23.31,91.88,2.58,44.3,Normal
29.09,103.36,4.37,44.61,Normal
22.39,103.03,1.84,54.5,Normal
28.92,103.05,2.21,58.07,Normal
22.71,106.69,3.89,54.61,Normal
21.43,94.29,1.7,45.66,Normal
27.44,108.56,1.65,59.15,Normal
29.35,99.01,3.55,57.21,Normal
20.67,99.59,1.1,41.46,Normal
29.92,103.72,1.75,65.79,Normal
24.54,102.14,1.16,56.69,Normal
28.77,109.87,4.49,49.81,Normal
20.78,109.17,4.95,45.29,Normal
87.03,173.5,22.67,115.78,Novel/Unusual
26.35,109.66,1.02,61.15,Normal
24.79,109.31,3.82,43.0,Normal
89.98,190.21,27.19,149.45,Novel/Unusual
23.22,109.68,2.68,43.9,Normal
21.05,99.72,2.1,59.39,Normal
21.66,107.94,2.75,53.18,Normal
26.14,108.66,4.51,42.42,Normal
22.27,99.64,1.81,43.72,Normal
28.49,92.56,4.59,60.34,Normal
20.49,107.51,1.42,45.97,Normal
26.63,95.15,2.12,64.47,Normal
27.49,109.84,1.12,51.34,Normal
84.11,173.18,15.54,111.71,Novel/Unusual
29.71,92.38,2.91,40.61,Normal
27.64,101.95,4.64,40.11,Normal
28.07,90.09,1.17,58.28,Normal
27.31,98.82,4.68,62.75,Normal
21.37,99.24,2.19,45.85,Normal
27.72,90.72,2.51,41.01,Normal
21.51,109.21,3.88,65.03,Normal
26.78,93.07,2.34,54.61,Normal
21.44,93.07,4.75,63.49,Normal
29.25,107.8,3.48,53.26,Normal
23.81,103.26,1.28,45.06,Normal
25.86,94.31,2.09,55.18,Normal
20.31,90.81,2.89,41.03,Normal
29.86,101.04,2.47,56.57,Normal
25.71,94.28,3.11,61.64,Normal
20.94,108.2,2.44,62.56,Normal
20.4,109.17,2.71,45.72,Normal
25.54,106.78,4.37,62.37,Normal
22.81,96.05,1.88,57.69,Normal
23.13,104.9,1.33,62.97,Normal
29.8,100.7,4.45,62.69,Normal
27.47,91.03,3.87,45.53,Normal
21.75,94.25,2.03,49.97,Normal
24.67,97.97,2.26,46.16,Normal
22.26,100.32,1.18,66.49,Normal
27.19,103.71,1.13,48.5,Normal
24.14,90.42,1.98,44.61,Normal
20.56,93.66,2.67,57.55,Normal
20.18,100.44,3.96,66.35,Normal
24.48,94.82,2.61,45.64,Normal
23.3,100.89,4.24,59.62,Normal
27.59,97.99,2.12,49.61,Normal
21.34,97.73,2.0,64.04,Normal
23.25,94.01,1.5,46.76,Normal
25.69,96.38,1.31,41.73,Normal
25.7,94.74,2.26,62.63,Normal
29.02,109.81,3.77,42.65,Normal
28.98,107.04,4.48,49.92,Normal
21.15,103.53,2.31,48.12,Normal
23.87,102.78,1.81,69.24,Normal
20.95,97.78,2.38,67.95,Normal
21.79,96.43,2.37,69.26,Normal
78.5,159.62,19.43,109.02,Novel/Unusual
27.26,94.93,2.09,45.53,Normal
22.07,100.06,2.86,51.71,Normal
21.44,97.71,2.7,59.69,Normal
21.93,91.2,2.15,54.75,Normal
23.92,104.94,3.48,52.97,Normal
28.58,92.44,2.29,45.58,Normal
29.59,103.18,1.24,40.81,Normal
82.83,178.19,22.78,124.9,Novel/Unusual
20.22,93.35,2.35,42.94,Normal
20.42,107.08,2.83,55.17,Normal
28.13,107.71,1.96,64.66,Normal
22.0,91.24,4.81,51.52,Normal
25.72,95.15,3.35,59.48,Normal
28.52,96.42,1.88,42.35,Normal
29.38,95.79,3.53,49.29,Normal
24.04,104.1,2.85,40.37,Normal
24.42,92.37,3.92,54.18,Normal
24.12,94.5,1.6,52.97,Normal
29.16,109.42,2.42,69.6,Normal
26.32,94.15,4.81,41.09,Normal
29.92,108.44,3.57,41.72,Normal
22.16,94.91,4.79,48.3,Normal
25.07,108.06,1.68,66.38,Normal
28.37,99.27,2.72,49.26,Normal
21.64,99.38,3.66,68.34,Normal
27.77,98.15,1.65,53.18,Normal
22.27,96.85,1.98,43.25,Normal
20.45,101.04,3.12,44.24,Normal
28.68,93.85,4.72,41.42,Normal
28.74,96.92,2.57,48.34,Normal
29.99,101.42,1.4,45.17,Normal
26.83,99.48,2.81,68.07,Normal
23.79,98.18,3.7,53.17,Normal
21.09,92.77,2.3,42.53,Normal
23.74,98.45,3.34,41.7,Normal
29.03,96.06,4.8,40.03,Normal
25.4,93.95,2.35,65.51,Normal
20.01,104.73,4.45,42.6,Normal
20.64,93.27,3.9,56.71,Normal
21.45,99.8,2.51,61.3,Normal
23.28,97.95,2.66,61.32,Normal
27.46,90.99,4.43,60.28,Normal
22.99,95.29,2.05,64.3,Normal
82.93,197.46,20.94,117.24,Novel/Unusual
29.37,97.07,2.45,51.39,Normal
28.57,109.52,3.09,56.29,Normal
27.5,91.62,1.58,58.59,Normal
28.67,108.6,4.76,68.13,Normal
28.91,109.99,2.57,63.7,Normal
21.35,92.15,4.75,57.96,Normal
24.61,95.68,1.9,46.77,Normal
28.15,105.66,2.97,67.14,Normal
29.6,92.57,4.73,53.37,Normal
23.43,98.24,2.78,63.86,Normal
88.73,170.93,28.65,132.59,Novel/Unusual
27.43,94.57,3.11,59.42,Normal
78.71,198.72,22.46,118.6,Novel/Unusual
28.05,98.76,4.7,42.65,Normal
22.95,95.26,1.66,44.95,Normal
26.59,97.8,2.9,43.32,Normal
22.0,102.47,3.9,47.32,Normal
25.15,92.24,2.79,62.27,Normal
25.55,109.06,3.64,52.31,Normal
28.42,100.81,4.9,50.39,Normal
26.82,109.87,1.07,58.69,Normal
88.83,160.18,28.0,107.25,Novel/Unusual
22.65,94.56,4.15,46.65,Normal
21.73,103.46,1.43,49.91,Normal
79.37,168.34,25.57,147.22,Novel/Unusual
24.09,108.61,4.39,68.32,Normal
22.49,103.59,1.57,41.29,Normal
26.53,91.01,4.29,65.12,Normal
23.19,99.63,3.06,47.47,Normal
29.25,105.01,2.54,67.2,Normal
24.67,99.3,2.41,48.24,Normal
70.6,180.19,20.62,103.45,Novel/Unusual
25.05,96.04,2.48,52.63,Normal
76.2,163.88,27.15,147.95,Novel/Unusual
26.58,90.77,3.25,44.39,Normal
21.06,94.17,1.1,48.02,Normal
24.76,91.0,3.41,68.24,Normal
81.71,166.21,19.57,104.52,Novel/Unusual
21.58,96.61,4.48,44.17,Normal
25.08,109.44,3.09,49.34,Normal
78.39,162.87,23.17,107.91,Novel/Unusual
21.78,102.21,1.9,66.5,Normal
22.83,108.88,1.13,48.77,Normal
27.96,96.15,4.38,58.01,Normal
21.53,98.33,4.6,62.49,Normal
22.12,103.5,4.53,41.82,Normal
21.05,106.59,1.29,65.57,Normal
25.04,108.98,4.57,49.87,Normal
95.23,173.35,21.46,107.17,Novel/Unusual
26.11,93.39,1.01,62.14,Normal
23.41,95.47,4.78,64.65,Normal
90.57,181.01,24.91,121.6,Novel/Unusual
22.3,102.39,3.02,62.86,Normal
22.52,95.01,1.74,67.84,Normal
21.4,105.95,2.81,47.35,Normal
23.17,94.03,3.13,46.31,Normal
88.24,176.16,24.12,116.18,Novel/Unusual
22.28,109.73,4.71,40.12,Normal
22.02,102.2,2.15,69.09,Normal
20.25,99.29,2.36,50.12,Normal
27.52,94.92,2.8,44.63,Normal
29.69,92.77,3.6,67.4,Normal
20.36,108.95,1.27,57.84,Normal
29.11,96.88,4.68,44.21,Normal
22.6,108.36,4.97,48.61,Normal
21.78,105.64,4.09,49.86,Normal
22.54,108.9,4.2,43.19,Normal
29.98,106.2,4.0,43.29,Normal
26.27,98.0,2.49,45.5,Normal
26.65,93.05,4.88,69.91,Normal
28.96,96.72,1.06,57.82,Normal
21.11,96.08,2.94,54.67,Normal
22.45,93.54,3.35,59.59,Normal
26.78,90.01,4.97,44.55,Normal
25.9,98.6,2.85,60.44,Normal
24.08,103.78,4.06,56.28,Normal
20.47,109.6,2.58,58.45,Normal
21.28,99.81,4.21,62.43,Normal
21.73,109.45,1.92,52.51,Normal
21.3,96.83,2.9,40.73,Normal
27.1,109.38,1.94,47.68,Normal
28.96,92.8,3.0,57.12,Normal
22.48,104.21,4.2,62.83,Normal
25.14,102.39,1.74,43.71,Normal
23.33,93.77,3.92,66.08,Normal
28.44,100.59,4.46,50.27,Normal
24.65,106.73,3.5,52.29,Normal
21.12,104.99,4.55,52.05,Normal
29.55,101.4,1.3,45.67,Normal
23.1,101.22,2.57,61.33,Normal
25.53,109.98,2.85,53.53,Normal
28.02,94.11,3.05,61.35,Normal
20.29,99.23,2.41,50.16,Normal
28.26,90.15,4.95,64.88,Normal
27.99,100.63,2.02,64.14,Normal
27.39,93.9,3.03,57.65,Normal
26.85,104.67,2.54,53.24,Normal
24.69,103.44,3.63,42.06,Normal
23.94,90.01,3.75,47.65,Normal
25.72,108.72,3.99,48.77,Normal
25.21,106.32,3.19,46.3,Normal
23.32,94.38,2.78,59.65,Normal
25.13,96.12,4.51,62.86,Normal
23.71,102.73,2.8,65.08,Normal
24.17,97.9,1.79,48.78,Normal
23.97,98.65,1.12,48.34,Normal
25.9,104.46,2.55,44.63,Normal
23.01,108.87,4.55,58.5,Normal
26.53,96.42,2.01,41.21,Normal
23.74,99.22,2.42,58.53,Normal
24.16,108.72,1.99,67.92,Normal
29.13,103.87,1.32,60.53,Normal
27.32,102.86,3.13,40.61,Normal
25.72,95.16,4.72,56.47,Normal
98.07,185.31,23.21,105.3,Novel/Unusual
28.75,106.03,2.98,59.28,Normal
24.4,107.34,3.57,63.76,Normal
28.51,91.19,4.88,68.32,Normal
20.99,91.11,1.24,41.91,Normal
23.02,105.9,4.8,69.14,Normal
20.84,98.88,1.06,43.85,Normal
23.16,104.56,1.73,46.9,Normal
25.01,91.92,4.23,59.45,Normal
27.45,108.06,3.27,42.71,Normal
26.03,94.42,1.38,42.51,Normal
22.41,100.45,2.15,46.84,Normal
24.05,98.17,2.85,67.99,Normal
20.09,105.4,4.22,60.84,Normal
24.96,94.48,2.32,47.85,Normal
25.67,106.84,2.84,42.84,Normal
21.31,98.64,3.16,61.74,Normal
25.88,96.68,3.37,66.25,Normal
27.13,101.14,2.51,62.38,Normal
27.81,95.69,2.89,48.13,Normal
29.85,107.33,2.14,57.67,Normal
22.42,90.49,3.46,58.65,Normal
26.98,94.77,2.71,64.02,Normal
29.85,100.54,1.16,47.46,Normal
23.98,91.86,1.96,53.45,Normal
28.01,91.16,2.75,40.07,Normal
29.53,107.2,3.23,63.7,Normal
22.42,97.04,4.26,55.04,Normal
26.93,92.82,4.57,44.76,Normal
25.53,106.66,4.69,58.92,Normal
29.78,92.17,4.65,56.58,Normal
27.19,104.75,4.02,64.59,Normal
27.12,105.76,4.36,59.68,Normal
27.18,93.75,4.55,68.62,Normal
86.15,155.58,20.19,126.09,Novel/Unusual
21.16,97.57,4.73,60.01,Normal
21.54,101.28,2.7,60.2,Normal
22.73,106.55,3.23,57.27,Normal
21.55,106.75,1.28,61.61,Normal
24.31,108.25,2.03,63.87,Normal
23.06,95.1,1.56,43.02,Normal
28.97,91.96,4.57,56.32,Normal
29.66,91.72,4.96,59.78,Normal
22.04,102.39,4.96,54.26,Normal
21.14,99.96,4.75,67.07,Normal
25.75,100.38,3.23,66.05,Normal
23.14,105.73,4.37,60.87,Normal
88.63,195.73,23.79,122.05,Novel/Unusual
25.2,94.33,1.7,42.77,Normal
25.96,93.53,4.71,63.43,Normal
23.62,104.92,3.96,41.85,Normal
29.15,97.43,3.79,43.26,Normal
26.86,109.57,4.72,45.66,Normal
26.77,106.24,2.28,51.76,Normal
26.66,103.37,4.98,42.38,Normal
21.86,98.25,3.72,49.29,Normal
24.76,90.7,2.4,55.43,Normal
24.92,91.05,1.23,43.28,Normal
20.67,95.2,2.66,45.6,Normal
25.08,103.56,2.16,41.33,Normal
20.85,106.96,4.61,67.27,Normal
20.37,98.03,3.76,65.15,Normal
22.37,93.91,4.35,42.95,Normal
29.36,97.46,3.22,60.32,Normal
23.76,109.27,1.82,44.93,Normal
22.86,100.08,2.51,66.07,Normal
75.35,169.55,22.96,135.75,Novel/Unusual
21.27,92.4,4.44,47.21,Normal
21.19,99.13,2.22,61.23,Normal
22.53,93.32,3.51,42.82,Normal
28.0,91.81,1.99,50.69,Normal
28.65,93.4,3.04,54.95,Normal
71.2,192.47,24.74,123.34,Novel/Unusual
25.84,100.95,4.25,62.74,Normal
26.53,109.98,1.98,50.31,Normal
20.41,99.89,1.86,69.0,Normal
24.7,103.65,4.19,44.59,Normal
25.94,106.24,4.25,46.09,Normal
28.58,103.63,2.5,64.49,Normal
23.95,101.38,1.83,48.98,Normal
22.92,104.73,3.42,55.48,Normal
88.89,171.88,28.22,147.35,Novel/Unusual
25.87,99.57,1.77,66.35,Normal
23.46,102.71,1.66,62.68,Normal
20.9,102.94,4.71,54.15,Normal
22.33,107.5,4.07,65.51,Normal
26.53,108.15,4.77,43.43,Normal
27.69,93.85,1.21,62.53,Normal
21.2,100.39,4.6,55.22,Normal
21.89,108.41,1.41,46.65,Normal
29.89,91.21,4.99,44.15,Normal
22.91,103.27,4.44,51.8,Normal
28.53,94.71,2.14,61.55,Normal
23.39,90.64,4.34,46.34,Normal
28.78,98.94,3.79,60.1,Normal
26.83,95.8,1.75,41.42,Normal
24.5,96.33,1.84,56.87,Normal
23.85,95.76,3.52,61.67,Normal
26.3,96.53,4.02,52.55,Normal
26.38,104.95,3.37,41.63,Normal
28.29,98.97,4.58,66.24,Normal
28.63,94.93,3.3,64.18,Normal
28.52,104.16,2.47,44.63,Normal
22.85,105.09,4.07,66.66,Normal
25.72,106.6,4.32,68.0,Normal
29.07,98.5,4.16,67.22,Normal
21.63,105.38,4.74,63.87,Normal
21.32,91.06,3.85,58.52,Normal
25.88,99.64,3.44,67.57,Normal
20.3,104.2,4.5,41.55,Normal
22.95,97.4,1.17,64.06,Normal
21.88,96.74,4.58,50.97,Normal
21.49,101.09,2.99,40.74,Normal
21.24,100.78,1.16,45.46,Normal
20.94,108.8,3.43,62.74,Normal
21.11,103.17,3.3,49.62,Normal
20.49,108.99,2.36,65.68,Normal
27.35,101.22,3.95,68.85,Normal
29.7,107.8,1.48,40.2,Normal
23.94,101.65,4.29,63.38,Normal
23.93,107.12,1.2,42.24,Normal
20.41,108.77,2.69,51.61,Normal
24.53,103.81,1.78,44.93,Normal
21.18,107.21,4.38,68.73,Normal
21.26,96.99,3.84,49.53,Normal
20.66,98.82,2.37,47.7,Normal
27.69,105.21,3.08,52.08,Normal
22.84,100.41,3.09,43.04,Normal
29.21,107.28,4.01,41.16,Normal
22.88,90.05,4.72,46.12,Normal
23.26,104.83,4.11,56.49,Normal
28.55,97.93,2.37,45.69,Normal
25.15,91.55,3.3,51.44,Normal
27.77,92.88,3.99,66.6,Normal
25.91,109.56,1.4,41.99,Normal
20.44,98.01,3.85,52.04,Normal
24.09,99.37,1.47,68.09,Normal
21.4,105.03,1.81,46.66,Normal
25.66,109.54,1.29,55.62,Normal
25.9,104.24,2.59,53.53,Normal
23.83,95.41,4.44,59.44,Normal
25.24,93.52,2.05,63.31,Normal
21.98,93.77,2.99,68.55,Normal
25.95,97.9,3.18,55.18,Normal
21.22,106.22,3.83,56.89,Normal
23.08,97.22,1.2,41.21,Normal
23.61,102.52,1.5,63.22,Normal
27.83,99.61,3.41,44.81,Normal
25.65,99.46,3.29,56.0,Normal
24.74,99.66,2.31,53.02,Normal
25.15,93.51,1.69,62.75,Normal
21.03,102.64,3.12,61.48,Normal
78.12,150.1,23.05,102.74,Novel/Unusual
28.57,108.73,1.5,66.78,Normal
24.19,107.13,3.83,58.45,Normal
86.92,183.8,27.98,134.74,Novel/Unusual
26.35,96.85,3.96,53.69,Normal
29.93,94.24,2.0,66.7,Normal
24.43,109.04,1.6,52.45,Normal
22.81,92.31,4.91,57.7,Normal
24.37,102.45,1.89,44.4,Normal
26.52,93.07,2.44,44.73,Normal
27.3,93.21,3.59,54.51,Normal
20.94,98.5,2.4,40.15,Normal
21.38,107.67,1.98,66.71,Normal
21.31,106.46,2.06,52.29,Normal
24.14,94.61,2.53,40.91,Normal
27.87,92.58,4.05,44.48,Normal
26.09,108.43,2.04,61.29,Normal
27.26,96.59,2.28,65.92,Normal
27.81,109.21,3.66,68.54,Normal
29.55,107.35,4.61,49.2,Normal
21.03,105.62,3.28,49.67,Normal
29.03,95.3,4.26,59.18,Normal
23.22,95.48,3.67,56.6,Normal
28.67,101.02,1.14,45.86,Normal
22.46,104.57,3.24,64.6,Normal
21.45,109.52,1.21,68.11,Normal
21.84,95.72,4.18,41.42,Normal
91.97,165.55,18.15,104.76,Novel/Unusual
28.97,91.43,1.91,52.59,Normal
27.83,104.86,1.4,69.77,Normal
20.21,91.32,3.01,48.19,Normal
29.72,107.58,1.52,42.93,Normal
29.16,98.46,2.06,66.68,Normal
22.33,100.12,3.15,64.38,Normal
25.16,100.55,1.97,42.21,Normal
29.18,106.75,4.03,56.59,Normal
21.55,95.09,2.83,50.32,Normal
24.28,91.8,4.49,52.2,Normal
25.95,105.49,4.23,58.32,Normal
25.69,94.4,2.79,48.33,Normal
27.17,103.49,4.54,50.09,Normal
26.7,95.45,3.94,46.96,Normal
28.51,97.49,2.17,49.66,Normal
24.39,94.97,1.09,52.94,Normal
21.21,93.77,2.08,43.84,Normal
82.41,185.64,22.65,129.06,Novel/Unusual
22.44,93.97,3.72,44.02,Normal
26.64,101.24,4.44,57.83,Normal
22.3,91.35,3.84,54.87,Normal
24.7,93.06,3.85,56.45,Normal
28.53,91.1,3.0,56.82,Normal
24.94,108.91,2.32,60.34,Normal
28.49,107.43,1.79,56.0,Normal
20.92,93.79,2.7,61.56,Normal
27.74,101.25,4.01,50.64,Normal
26.96,103.35,3.7,46.67,Normal
29.36,101.36,3.15,48.65,Normal
22.02,102.83,2.41,66.29,Normal
26.49,107.89,1.89,48.99,Normal
27.95,97.57,1.79,51.64,Normal
26.19,96.97,2.89,66.55,Normal
27.97,97.86,2.74,67.48,Normal
28.23,92.51,3.2,43.13,Normal
23.27,106.12,1.35,60.72,Normal
24.78,92.62,1.14,60.76,Normal
29.51,101.89,4.06,48.55,Normal
25.91,102.93,1.61,53.63,Normal
28.3,92.76,3.01,68.44,Normal
20.12,105.3,1.37,41.17,Normal
89.58,175.79,17.86,104.03,Novel/Unusual
20.05,93.84,4.88,61.51,Normal
26.22,92.65,1.05,51.4,Normal
20.36,94.12,1.19,51.0,Normal
84.28,185.87,22.97,104.37,Novel/Unusual
25.2,96.96,4.22,54.86,Normal
25.54,105.93,2.2,45.13,Normal
25.31,109.51,4.23,68.94,Normal
27.63,92.21,4.31,58.6,Normal
28.88,91.44,2.42,63.98,Normal
28.44,102.54,1.36,55.34,Normal
24.2,98.07,2.34,46.85,Normal
22.62,103.45,2.87,59.07,Normal
24.54,104.99,1.61,57.97,Normal
22.99,106.05,4.8,65.56,Normal
23.05,97.83,1.6,65.41,Normal
22.02,107.24,4.34,40.49,Normal
20.72,105.42,3.73,49.54,Normal
21.4,104.52,4.4,67.69,Normal
22.78,97.23,2.46,58.13,Normal
20.84,92.62,4.49,59.77,Normal
27.33,91.48,4.48,49.94,Normal
24.31,105.9,4.19,66.49,Normal
24.54,106.57,4.08,68.78,Normal
23.55,90.6,2.2,53.73,Normal
23.68,108.97,2.93,61.45,Normal
26.36,104.16,1.6,42.15,Normal
21.08,93.08,4.78,48.79,Normal
23.18,99.4,2.65,56.25,Normal
74.72,160.99,25.03,129.67,Novel/Unusual
22.41,105.75,4.41,67.73,Normal
29.87,107.11,1.37,43.98,Normal
21.44,101.57,2.87,42.49,Normal
28.97,90.8,1.72,54.31,Normal
26.48,90.98,4.02,64.65,Normal
25.94,96.41,2.02,61.0,Normal
26.2,106.59,2.87,68.93,Normal
22.66,100.52,1.63,67.48,Normal
28.87,105.52,3.71,61.22,Normal
21.71,94.88,1.09,58.41,Normal
20.85,97.57,3.07,69.14,Normal
20.23,99.84,4.2,55.45,Normal
29.62,94.93,3.08,66.26,Normal
23.64,90.11,4.02,62.8,Normal
24.62,98.16,3.77,42.58,Normal
27.84,107.35,4.96,57.99,Normal
27.35,97.17,2.36,68.11,Normal
27.15,92.94,1.06,51.22,Normal
26.49,100.91,2.05,62.12,Normal
26.5,102.2,1.43,59.52,Normal
22.88,105.83,1.93,62.54,Normal
27.58,95.06,2.98,58.64,Normal
22.41,95.32,2.64,65.91,Normal
24.09,104.99,4.88,40.22,Normal
24.49,108.21,2.96,44.71,Normal
20.55,90.02,2.67,44.87,Normal
27.42,94.45,3.61,66.03,Normal
22.02,90.81,3.76,59.16,Normal
22.66,95.5,4.81,44.44,Normal
